Latitude,Longitude,Airport,City,Code,Freight tons,Mail tons,Passengers,State,Passengers
32.65666667,-114.6058333,Yuma MCAS/Yuma International,Yuma,YUM,48,0,62644,Arizona,62644
32.65666667,-114.6058333,Yuma MCAS/Yuma International,Yuma,NYL,195,0,286,Arizona,286
41.25611111,-80.66972222,Youngstown-Warren Regional,Youngstown/Warren,YNG,0,0,110,Ohio,110
44.51583333,-109.0275,Yellowstone Regional,Cody,COD,0,0,29739,Wyoming,29739
44.68666667,-111.1047222,Yellowstone,West Yellowstone,WYS,0,0,9121,Montana,9121
38.37277778,-81.59305556,Yeager,Charleston/Dunbar,CRW,3,0,149808,West Virginia,149808
40.48166667,-107.22,Yampa Valley,Hayden,HDN,43,0,191830,Colorado,191830
59.50916667,-139.6597222,Yakutat Airport,Yakutat,YAK,807,1,10145,Alaska,10145
46.56694444,-120.5377778,Yakima Air Terminal/McAllister Field,Yakima,YKM,175,0,29637,Washington,29637
44.45138889,-83.39416667,Wurtsmith AFB,Oscoda,OSC,128,0,0,Michigan,0
39.82611111,-84.04833333,Wright-Patterson AFB,Dayton,FFO,96,0,253,Ohio,253
56.48444444,-132.3666667,Wrangell Airport,Wrangell,WRG,407,3,11409,Alaska,11409
42.26916667,-71.87444444,Worcester Regional,Worcester,ORH,3,0,86811,Massachusetts,86811
27.18055556,-80.22138889,Witham Field,Stuart,SUA,0,0,11,Florida,11
39.14111111,-78.14277778,Winchester Airport,Winchester,WGO,0,0,5,Virginia,5
34.26694444,-77.90388889,Wilmington International,Wilmington,ILM,479,0,545746,North Carolina,545746
39.42805556,-83.79222222,Wilmington Air Park,Wilmington,ILN,112702,0,12,Ohio,12
42.23777778,-83.53055556,Willow Run,Detroit,YIP,423,0,2830,Michigan,2830
48.26083333,-103.7511111,Williston Basin International,Williston,XWA,84,0,71143,North Dakota,71143
41.24222222,-76.92055556,Williamsport Regional,Williamsport,IPT,1,0,55,Pennsylvania,55
37.75194444,-89.01638889,Williamson County Regional,Marion/Herrin,MWA,1,0,763,Illinois,763
33.30777778,-111.6555556,Williams Gateway,Phoenix,AZA,2,0,726547,Arizona,726547
48.11888889,-123.4936111,William R. Fairchild International,Port Angeles,CLM,65,0,2,Washington,2
29.645,-95.27861111,William P Hobby,Houston,HOU,4418,0,5336323,Texas,5336323
41.87527778,-103.6011111,William B. Heilig Field,Scottsbluff,BFF,79,0,9071,Nebraska,9071
33.64083333,-84.42722222,William B. Hartsfield Atlanta International,Atlanta,ATL,145149,3924,38155126,Georgia,38155126
35.39305556,-97.60055556,Will Rogers World,Oklahoma City,OKC,11822,416,1661929,Oklahoma,1661929
41.33916667,-75.72583333,Wilkes Barre Scranton International,Scranton/Wilkes-Barre,AVP,0,0,157075,Pennsylvania,157075
71.28555556,-156.7661111,Wiley Post/Will Rogers Memorial,Barrow,BRW,251,43,26107,Alaska,26107
68.1375,-145.5244444,Wien Arctic Village,Arctic Village,ARC,3,2,530,Alaska,530
37.65,-97.43277778,Wichita Mid-Continent,Wichita,ICT,7932,0,659138,Kansas,659138
38.73027778,-93.54777778,Whiteman AFB,Knob Noster,SZL,95,0,525,Missouri,525
48.35222222,-122.6541667,Whidbey Island NAS,Whidbey Island,NUW,209,0,406,Washington,406
44.05,-75.73305556,Wheeler-Sack AAF,Fort Drum,DQK,343,0,4830,New York,4830
42.19777778,-72.53055556,Westover AFB,Chicopee Falls,CEF,0,0,356,Massachusetts,356
41.06888889,-73.70777778,Westchester County,White Plains,HPN,1,0,850612,New York,850612
40.75444444,-74.0075,West 30th Street Heliport,New York,JRA,0,0,61,New York,61
42.42138889,-87.86694444,Waukegan Regional,Waukegan,UGN,0,0,40,Illinois,40
43.99083333,-76.02138889,Watertown International,Watertown,ART,0,0,16443,New York,16443
42.55611111,-92.39972222,Waterloo Regional,Waterloo,ALO,19,0,8157,Iowa,8157
38.94166667,-77.4575,Washington Dulles International,Washington,IAD,53287,689,7476634,Virginia,7476634
46.09472222,-118.2911111,Walla Walla Regional,Walla Walla,ALW,0,0,26816,Washington,26816
39.11861111,-108.5138889,Walker Field,Grand Junction,GJT,2015,0,198333,Colorado,198333
19.28,166.6402778,Wake Island Airfield,Wake Island,AWK,192,0,568,U.S. Pacific Trust Territories,568
70.63055556,-160.0430556,Wainwright Airport,Wainwright,AIN,0,0,2,Alaska,2
31.61138889,-97.22861111,Waco Regional,Waco,ACT,4,0,39695,Texas,39695
42.30916667,-85.24777778,W K Kellogg,Battle Creek,BTL,2,0,0,Michigan,0
43.93833333,-90.26833333,Volk Field,Camp Douglas,VOK,0,0,379,Wisconsin,379
36.31944444,-119.3938889,Visalia Municipal,Visalia,VIS,254,0,5,California,5
28.85111111,-96.91444444,Victoria County Foster,Victoria,VCT,0,0,9782,Texas,9782
27.6525,-80.41361111,Vero Beach Municipal,Vero Beach,VRB,0,0,64186,Florida,64186
40.43888889,-109.5102778,Vernal Regional,Vernal,VEL,0,0,1097,Utah,1097
67.02305556,-146.4111111,Venetie Airport,Venetie,VEE,0,0,430,Alaska,430
34.20972222,-118.49,Van Nuys Airport,Van Nuys,VNY,0,0,1094,California,1094
26.22805556,-97.65222222,Valley International,Harlingen/San Benito,HRL,8613,0,446035,Texas,446035
30.78222222,-83.27694444,Valdosta Regional,Valdosta,VLD,0,0,32815,Georgia,32815
61.1325,-146.2388889,Valdez Pioneer Field,Valdez,VDZ,0,0,13,Alaska,13
35.2455556,-97.4721389,University of Oklahoma Westheimer Airport,Norman,OUN,0,0,2,Oklahoma,2
40.03972222,-88.27972222,University of Illinois/Willard,Champaign/Urbana,CMI,3,0,62884,Illinois,62884
63.88472222,-160.7938889,Unalakleet Airport,Unalakleet,UNK,98,50,1,Alaska,1
39.12666667,-123.2,Ukiah Municipal,Ukiah,UKI,79,0,0,California,0
30.06972222,-85.57611111,Tyndall AFB,Panama City,PAM,257,0,641,Florida,641
32.35472222,-95.39888889,Tyler Pounds Regional,Tyler,TYR,0,0,38422,Texas,38422
41.26527778,-72.88833333,Tweed New Haven,New Haven,HVN,0,0,419332,Connecticut,419332
33.22111111,-87.61083333,Tuscaloosa Regional,Tuscaloosa,TCL,1,0,1890,Alabama,1890
34.25888889,-88.76722222,Tupelo Regional,Tupelo,TUP,0,0,1492,Mississippi,1492
36.19777778,-95.88972222,Tulsa International,Tulsa,TUL,19915,0,1210375,Oklahoma,1210375
32.11611111,-110.9405556,Tucson International,Tucson,TUS,10287,0,1438204,Arizona,1438204
41.32888889,-72.04638889,Trumbull,New London/Groton,GON,0,0,1,Connecticut,1
39.32,-120.1394444,Truckee Tahoe,Truckee,TKF,0,0,33,California,33
43.14194444,-89.33694444,Truax Field,Madison,MSN,4654,0,847823,Wisconsin,847823
38.36694444,-82.55611111,Tri-State/Milton J. Ferguson Field,Ashland,HTS,2700,0,74186,West Virginia,74186
36.47611111,-82.40638889,Tri-Cities Regional TN/VA,Bristol/Johnson City/Kingsport,TRI,0,0,169026,Tennessee,169026
46.26388889,-119.1147222,Tri Cities,Pasco/Kennewick/Richland,PSC,263,0,340182,Washington,340182
38.2625,-121.9269444,Travis AFB,Fairfield,SUU,13508,0,1040,California,1040
60.81555556,-151.7988889,Trading Bay Production,Trading Bay,JZE,7,0,0,Alaska,0
41.59083333,-83.80083333,Toledo Express,Toledo,TOL,6532,0,50711,Ohio,50711
35.41833333,-97.38888889,Tinker AFB,Oklahoma City,TIK,11,0,116,Oklahoma,116
65.56388889,-167.9188889,Tin City AFS,Tin City,TNC,26,0,0,Alaska,0
48.06611111,-96.185,Thief River Falls Regional,Thief River Falls,TVF,1204,0,0,Minnesota,0
41.72833333,-71.42611111,Theodore Francis Green State,Providence,PVD,3992,0,1449119,Rhode Island,1449119
24.72611111,-81.05138889,The Florida Keys Marathon,Marathon,MTH,66,0,0,Florida,0
33.45638889,-93.98916667,Texarkana Muni/Webb Field,Texarkana,TXK,0,0,27230,Arkansas,27230
43.7375,-111.1041667,Teton Peaks,Driggs,XWW,0,0,3,Idaho,3
40.84972222,-74.06222222,Teterboro Airport,Teterboro,TEB,4,0,1021,New Jersey,1021
37.95388889,-107.9083333,Telluride Regional,Telluride,TEX,0,0,22,Colorado,22
60.871476735,-146.689983202,Tatitlek Airport,Tatitlek,TEK,0,0,7,Alaska,7
62.895,-155.9741667,Tatalina AFS,Tatalina,TLJ,20,0,0,Alaska,0
36.4516944,-105.6730833,Taos Regional Airport,Taos,TSM,0,0,7,New Mexico,7
63.37472222,-143.3358333,Tanacross Airport,Tanacross,TSG,0,0,23,Alaska,23
27.97305556,-82.53527778,Tampa International,Tampa,TPA,32177,1631,8876713,Florida,8876713
25.64583333,-80.43194444,Tamiami,Miami,TMB,0,0,18,Florida,18
30.39972222,-84.35194444,Tallahassee Regional,Tallahassee,TLH,2938,0,341247,Florida,341247
62.99277778,-156.0655556,Takotna Airport,Takotna,TCT,0,0,9,Alaska,9
47.26805556,-122.5769444,Tacoma Narrows,Tacoma,TIW,0,0,4,Washington,4
43.11055556,-76.1025,Syracuse Hancock International,Syracuse,SYR,13743,814,1123807,New York,1123807
40.84361111,-72.63222222,Suffolk County,Westhampton,FOK,0,0,146,New York,146
37.89444444,-121.2391667,Stockton Metropolitan,Stockton,SCK,17035,0,46307,California,46307
29.33694444,-98.47111111,Stinson Municipal,San Antonio,SSF,0,0,7,Texas,7
41.50583333,-74.09722222,Stewart International,Newburgh/Poughkeepsie,SWF,5495,553,63223,New York,63223
35.76305556,-80.95527778,Statesville Municipal,Statesville,SVH,0,0,7,North Carolina,7
40.77083333,-77.88138889,State College Air Depot,State College,SCE,439,0,93245,Pennsylvania,93245
39.77444444,-104.8797222,Stapleton International,Denver,DEN,103040,2946,29529451,Colorado,29529451
38.17972222,-85.73861111,Standiford Field,Louisville,SDF,1091771,77026,1773278,Kentucky,1773278
27.90722222,-82.68555556,St. Petersburg-Clearwater International,St. Petersburg,PIE,42,0,971829,Florida,971829
44.93444444,-93.06,St. Paul Downtown,Minneapolis/St. Paul,STP,0,0,8,Minnesota,8
63.48416667,-162.0277778,St. Michael Airport,St. Michael,SMK,9,0,0,Alaska,0
62.06166667,-163.2980556,St. Mary's Airport,St. Mary's,KSM,142,31,20,Alaska,20
45.54527778,-94.05833333,St. Cloud Regional,St. Cloud,STC,0,0,17421,Minnesota,17421
29.95861111,-81.33888889,St. Augustine Airport,St. Augustine,UST,0,0,7,Florida,7
37.09305556,-113.5922222,St George Municipal,St. George,SGU,115,0,110664,Utah,110664
37.24,-93.385,Springfield-Branson National,Springfield,SGF,4661,0,524917,Missouri,524917
39.83833333,-83.83972222,Springfield-Beckley Municipal,Springfield,SGH,0,0,2,Ohio,2
47.62,-117.5327778,Spokane International,Spokane,GEG,19179,1111,1549121,Washington,1549121
38.66194444,-90.65,Spirit of St. Louis,St. Louis,SUS,2,0,31,Missouri,31
61.0975,-155.5722222,Sparrevohn AFS,Sparrevohn,SVW,29,0,0,Alaska,0
28.51222222,-80.79944444,Space Center Executive,Titusville,TIX,0,0,11,Florida,11
31.53222222,-84.19611111,Southwest Georgia Regional,Albany,ABY,4529,3,22001,Georgia,22001
26.53611111,-81.755,Southwest Florida International,Fort Myers,RSW,5888,10,4041112,Florida,4041112
37.78138889,-89.24694444,Southern Illinois,Carbondale,MDH,0,0,286,Illinois,286
34.5975,-117.3830556,Southern California Logistics,Victorville,VCV,7,0,2772,California,2772
40.84722222,-72.46388889,Southampton Heliport,Southampton,N4Y,0,0,43,New York,43
47.90833333,-122.2813889,Snohomish County Paine Field,Everett,PAE,1372,0,209934,Washington,209934
36.00888889,-86.52,Smyrna Airport,Smyrna,MQY,15,0,619,Tennessee,619
36.13527778,-80.22555556,Smith Reynolds,Winston-Salem,INT,0,0,811,North Carolina,811
48.47027778,-122.4105556,Skagit Regional (Bayview),Burlington/Mount Vernon,MVW,137,0,2,Washington,2
57.04861111,-135.3616667,Sitka Rocky Gutierrez,Sitka,SIT,907,30,76862,Alaska,76862
41.78138889,-122.4680556,Siskiyou County,Montague,SIY,0,0,5,California,5
42.40194444,-96.38416667,Sioux City Gateway,Sioux City,SUX,0,0,19860,Iowa,19860
32.44694444,-93.82555556,Shreveport Regional,Shreveport,SHV,7115,0,256882,Louisiana,256882
41.445,-106.81,Shively Field,Saratoga,SAA,0,0,32,Wyoming,32
44.77416667,-106.9772222,Sheridan County,Sheridan,SHR,0,0,21835,Wyoming,21835
33.98833333,-98.49194444,Sheppard AFB/Wichita Falls Municipal,Wichita Falls,SPS,0,0,21249,Texas,21249
38.26388889,-78.89666667,Shenandoah Valley Regional,Staunton,SHD,0,0,163,Virginia,163
52.7175,174.0894444,Shemya AFB,Shemya,SYA,107,0,0,Alaska,0
33.97277778,-80.47305556,Shaw AFB,Sumter,SSC,160,0,626,South Carolina,626
62.69583333,-159.5666667,Shageluk Airport,Shageluk,SHX,0,0,6,Alaska,6
35.33972222,-77.96,Seymour Johnson AFB,Goldsboro,GSB,238,0,842,North Carolina,842
42.60083333,-82.83722222,Selfridge Angb,Mt. Clemens,MTC,258,0,228,Michigan,228
66.60277778,-159.9833333,Selawik Airport,Selawik,WLK,0,0,10,Alaska,10
34.84861111,-111.7877778,Sedona Airport,Sedona,SDX,0,0,6,Arizona,6
27.45222222,-81.34333333,Sebring Regional,Sebring,SEF,0,0,1,Florida,1
47.44916667,-122.3080556,Seattle/Tacoma International,Seattle,SEA,132454,5116,17997233,Washington,17997233
36.15888889,-97.08555556,Searcy Field,Stillwater,SWO,2,0,24836,Oklahoma,24836
33.62277778,-111.9105556,Scottsdale,Phoenix,SCF,0,0,151,Arizona,151
38.54277778,-89.85111111,Scott AFB,Belleville,BLV,29,0,121896,Illinois,121896
42.8525,-73.93,Schenectady County,Schenectady,SCH,0,0,3,New York,3
32.1275,-81.2025,Savannah/Hilton Head International,Savannah,SAV,3706,0,1509046,Georgia,1509046
27.39388889,-82.55416667,Sarasota/Bradenton Airport,Sarasota/Bradenton,SRQ,40,0,1660846,Florida,1660846
34.60694444,-120.0747222,Santa Ynez Airport,Santa Ynez,SQA,1,0,0,California,0
34.01611111,-118.4508333,Santa Monica Municipal,Santa Monica,SMO,0,0,16,California,16
34.905,-120.4577778,Santa Maria Public/Capt. G. Allan Hancock Field,Santa Maria,SMX,369,0,10185,California,10185
35.6175,-106.0883333,Santa Fe Municipal,Santa Fe,SAF,0,0,130254,New Mexico,130254
34.42777778,-119.8394444,Santa Barbara Municipal,Santa Barbara,SBA,83,0,508909,California,508909
55.31666667,-160.5138889,Sand Point,Sandpoint,SDP,220,0,0,Alaska,0
29.89333333,-97.86444444,San Marcos Municipal,San Marcos,QQY,2,0,0,Texas,0
35.23666667,-120.6391667,San Luis Obispo County Regional,San Luis Obispo,SBP,145,0,265979,California,265979
37.36277778,-121.9405556,San Jose International,San Jose,SJC,12671,1,4155232,California,4155232
37.61888889,-122.375,San Francisco International,San Francisco,SFO,116006,4989,15234453,California,15234453
32.73277778,-117.1872222,San Diego International Lindbergh Fl,San Diego,SAN,40690,2174,9252959,California,9252959
29.53333333,-98.46944444,San Antonio International,San Antonio,SAT,38667,1782,3803680,Texas,3803680
31.35972222,-100.4944444,San Angelo Regional/Mathis Field,San Angelo,SJT,155,0,35954,Texas,35954
40.78416667,-111.9669444,Salt Lake City International,Salt Lake City,SLC,57343,3866,10233134,Utah,10233134
38.33861111,-75.51,Salisbury-Ocean City/Wicomico Regional,Salisbury,SBY,10,0,43163,Maryland,43163
38.79083333,-97.6525,Salina Municipal,Salina,SLN,135,0,17207,Kansas,17207
15.12027778,145.7302778,Saipan International,Saipan,SPN,209,0,41029,U.S. Pacific Trust Territories,41029
38.69555556,-121.5897222,Sacramento International,Sacramento,SMF,37927,67,4825034,California,4825034
38.5125,-121.4925,Sacramento Executive,Sacramento,SAC,0,0,13,California,13
61.78305556,-161.3191667,Russian Mission Airport,Russian Mission,RSH,0,0,7,Alaska,7
64.73,-155.4608333,Ruby Airport,Ruby,RBY,1,0,339,Alaska,339
33.30166667,-104.5305556,Roswell International Air Center,Roswell,ROW,0,0,35488,New Mexico,35488
39.77583333,-94.91,Rosecrans Memorial,St. Joseph,STJ,0,0,134,Missouri,134
43.23888889,-123.3597222,Roseburg Regional,Roseburg,RBG,21,0,0,Oregon,0
38.85166667,-77.03694444,Ronald Reagan Washington National,Washington,DCA,404,0,9412494,Virginia,9412494
36.37222222,-94.10694444,Rogers Municipal Carter Field,Rogers,ROG,0,0,6,Arkansas,6
39.90888889,-105.1172222,Rocky Mountain Metropolitan,Broomfield,BJC,0,0,240,Colorado,240
35.85444444,-77.89055556,Rocky Mount-Wilson Regional,Rocky Mount,RWI,17,0,3,North Carolina,3
41.59638889,-109.0658333,Rock Springs Sweetwater County,Rock Springs,RKS,41,0,14769,Wyoming,14769
42.61861111,-89.03777778,Rock County,Beloit/Janesville,JVL,6,0,0,Wisconsin,0
43.91027778,-92.49638889,Rochester Municipal,Rochester,RST,2782,0,74322,Minnesota,74322
43.12138889,-77.67083333,Rochester Monroe County,Rochester,ROC,12801,0,984483,New York,984483
44.25444444,-121.1513889,Roberts Field,Bend/Redmond,RDM,162,0,453307,Oregon,453307
31.06472222,-97.8275,Robert Gray AAF,Killeen,GRK,1866,0,83913,Texas,83913
37.32472222,-79.97638889,Roanoke Regional/Woodrum Field,Roanoke,ROA,3671,0,278343,Virginia,278343
43.06444444,-108.4569444,Riverton Regional,Riverton/Lander,RIW,0,0,14874,Wyoming,14874
37.50527778,-77.31972222,Richmond International,Richmond,RIC,30946,648,1820547,Virginia,1820547
45.63138889,-89.4575,Rhinelander/Oneida County,Rhinelander,RHI,112,0,19945,Wisconsin,19945
40.72944444,-73.415,Republic,East Farmingdale,FRG,0,0,710,New York,710
39.49777778,-119.7675,Reno/Tahoe International,Reno,RNO,24340,105,1772543,Nevada,1772543
40.50833333,-122.2922222,Redding Municipal,Redding,RDD,325,0,66436,California,66436
32.68027778,-96.86722222,Redbird,Dallas/Fort Worth,RBD,0,0,2,Texas,2
68.03166667,-162.9,Red Dog Mine,Red Dog,RDB,245,0,9508,Alaska,9508
44.04527778,-103.0569444,Rapid City Regional,Rapid City,RAP,262,0,313830,South Dakota,313830
65.50833333,-150.1402778,Rampart Airport,Rampart,RMP,0,0,13,Alaska,13
66.88805556,-162.6058333,Ralph Wien Memorial,Kotzebue,OTZ,253,69,25405,Alaska,25405
65.175,-152.1080556,Ralph M Calhoun Memorial,Tanana,TAL,0,0,12,Alaska,12
35.87527778,-78.78194444,Raleigh-Durham International,Raleigh/Durham,RDU,27659,538,5450834,North Carolina,5450834
37.78194444,-81.12416667,Raleigh County Memorial,Beckley,BKW,128,0,0,West Virginia,0
18.495,-67.12944444,Rafael Hernandez,Aguadilla,BQN,5620,0,282573,Puerto Rico,282573
41.44888889,-90.505,Quad City International,Moline,MLI,0,0,238531,Illinois,238531
40.41194444,-86.93361111,Purdue University,Lafayette,LAF,0,0,1386,Indiana,1386
46.74472222,-117.105,Pullman Moscow Regional,Pullman,PUW,0,0,43229,Washington,43229
38.29277778,-104.4961111,Pueblo Memorial,Pueblo,PUB,0,0,187,Colorado,187
34.65277778,-86.94527778,Pryor Field Regional,Decatur,DCU,12,0,0,Alabama,0
40.21805556,-111.7222222,Provo Municipal,Provo,PVU,0,0,328552,Utah,328552
46.685,-68.0475,Presque Isle Municipal,Presque Isle/Houlton,PQI,41,0,16204,Maine,16204
34.65,-112.4241667,Prescott Municipal,Prescott,PRC,0,0,18320,Arizona,18320
43.022408009,-91.119251730,Prairie Du Chien Municipal,Prairie Du Chien,PCD,0,0,2,Wisconsin,2
43.07777778,-70.82333333,Portsmouth Pease International,Portsmouth,PSM,6251,0,45802,New Hampshire,45802
43.64444444,-70.30361111,Portland International Jetport,Portland,PWM,2827,0,922061,Maine,922061
45.58916667,-122.595,Portland International,Portland,PDX,87598,3926,6170179,Oregon,6170179
56.95666667,-158.6375,Port Heiden Airport,Port Heiden,PTH,13,0,0,Alaska,0
39.99111111,-82.87833333,Port Columbus International,Columbus,CMH,1736,109,3257603,Ohio,3257603
35.17083333,-79.01472222,Pope AFB,Fayetteville,POB,362,0,7808,North Carolina,7808
34.12027778,-119.12,Point Mugu NAS,Port Hueneme,NTD,45,0,640,California,640
68.35,-166.8,Point Hope Airport,Point Hope,PHO,0,0,20,Alaska,20
42.91333333,-112.5944444,Pocatello Regional,Pocatello,PIH,94,0,18409,Idaho,18409
44.65083333,-73.46805556,Plattsburgh International,Plattsburgh,PBG,0,0,61070,New York,61070
40.49666667,-80.23583333,Pittsburgh International,Pittsburgh,PIT,30573,1187,3573816,Pennsylvania,3573816
35.63333333,-77.38527778,Pitt Greenville,Greenville,PGV,0,0,29837,North Carolina,29837
61.93472222,-162.8905556,Pilot Station Airport,Pilot Station,PQS,0,0,3,Alaska,3
44.38361111,-100.2841667,Pierre Municipal,Pierre,PIR,27,0,0,South Dakota,0
36.09194444,-79.94277778,Piedmont Triad International,Greensboro/High Point,GSO,28258,535,726416,North Carolina,726416
33.43611111,-112.0094444,Phoenix Sky Harbor International,Phoenix,PHX,107818,3277,18444422,Arizona,18444422
33.42361111,-112.3741667,Phoenix Goodyear,Goodyear,GYR,2,0,0,Arizona,0
33.68333333,-112.0833333,Phoenix - Deer Valley,Phoenix,DVT,0,0,10,Arizona,10
39.86805556,-75.24861111,Philadelphia International,Philadelphia,PHL,146302,5055,11150090,Pennsylvania,11150090
45.08166667,-83.55583333,Phelps/Collins,Alpena,APN,128,0,8501,Michigan,8501
38.80888889,-104.7091667,Peterson Field,Colorado Springs,COS,3747,0,937894,Colorado,937894
56.80416667,-132.9425,Petersburg James A Johnson,Petersburg,PSG,701,3,20408,Alaska,20408
38.25777778,-122.6052778,Petaluma Municipal,Petaluma,UXK,195,0,0,California,0
40.204695261,-75.428633972,Perkiomen Valley,Collegeville,PA8,0,0,2,Pennsylvania,2
30.47333333,-87.1875,Pensacola Regional,Pensacola,PNS,1700,326,1166663,Florida,1166663
39.96527778,-75.1375,Penns Landing Seaplane Base,Philadelphia,WKV,0,0,1,Pennsylvania,1
45.57083333,-84.79277778,Pellston Regional Airport of Emmet County,Pellston,PLN,79,0,25442,Michigan,25442
38.29166667,-76.41638889,Patuxent River NAS,Patuxent River,NHK,0,0,55,Maryland,55
28.23916667,-80.60777778,Patrick AFB,Cocoa Beach,COF,388,0,326,Florida,326
35.67055556,-120.6258333,Paso Robles Municipal,Paso Robles,PRB,9,0,13,California,13
42.79583333,-86.16194444,Park Township,Holland,HLM,0,0,1,Michigan,1
47.39972222,-120.2077778,Pangborn Memorial,Wenatchee,EAT,86,0,32392,Washington,32392
33.12861111,-117.2797222,Palomar,Carlsbad,CLD,0,0,50,California,50
61.59333333,-149.0863889,Palmer Municipal,Palmer,PAQ,11,0,0,Alaska,0
33.82666667,-116.505,Palm Springs International,Palm Springs,PSP,110,1,1040225,California,1040225
26.68222222,-80.09416667,Palm Beach International,West Palm Beach/Palm Beach,PBI,9449,15,3070948,Florida,3070948
42.1125,-87.90111111,Pal/Waukee,Chicago,PWK,0,0,163,Illinois,163
-14.33444444,-170.7097222,Pago Pago International,Pago Pago,PPG,187,7,24769,U.S. Pacific Trust Territories,24769
36.92638889,-111.4472222,Page Municipal,Page,PGA,0,0,21,Arizona,21
26.58694444,-81.86222222,Page Field,Fort Myers,FMY,0,0,4,Florida,4
34.20111111,-119.2063889,Oxnard,Oxnard/Ventura,OXR,0,0,4,California,4
44.25777778,-88.52,Outagamie County Regional,Appleton,ATW,2392,0,397086,Wisconsin,397086
28.77777778,-81.2375,Orlando Sanford International,Sanford,SFB,4,0,1055004,Florida,1055004
28.43166667,-81.32472222,Orlando International,Orlando,MCO,56459,2058,19205880,Florida,19205880
48.70833333,-122.9125,Orcas Island,Eastsound,ESD,16,0,0,Washington,0
25.90694444,-80.28027778,Opa-locka Executive,Miami,OPF,2052,0,232,Florida,232
34.05611111,-117.6011111,Ontario International,Ontario,ONT,298149,15878,2422883,California,2422883
40.07805556,-83.07333333,Ohio State University,Columbus,OSU,0,0,8,Ohio,8
44.68166667,-75.46583333,Ogdensburg International,Ogdensburg,OGS,0,0,16,New York,16
41.19638889,-112.0108333,Ogden-Hinckley,Ogden,OGD,57,0,10721,Utah,10721
41.11833333,-95.91222222,Offutt AFB,Omaha,OFF,38,0,1074,Nebraska,1074
29.17555556,-82.22694444,Ocala Municipal,Ocala,OCF,0,0,2,Florida,2
42.665,-83.41805556,Oakland/Pontiac,Pontiac,PTK,11,0,370,Michigan,370
64.72777778,-158.0766667,Nulato Airport,Nulato,NUL,0,0,350,Alaska,350
70.21055556,-151.0047222,Nuiqsut Airport,Nuiqsut,NUI,37,0,0,Alaska,0
34.09694444,-117.2366667,Norton AFB,San Bernardino,SBD,102534,35,15358,California,15358
30.48333333,-86.52527778,Northwest Florida Regional,Valparaiso,VPS,20,0,930687,Florida,930687
30.35777778,-85.79888889,Northwest Florida Beaches International,Panama City,ECP,0,0,735972,Florida,735972
36.28194444,-94.30694444,Northwest Arkansas Regional,Fayetteville,XNA,6,0,820182,Arkansas,820182
34.74527778,-87.61027778,Northwest Alabama Regional,Muscle Shoals,MSL,0,0,321,Alabama,321
41.12833333,-100.6966667,North Platte Regional Airport Lee Bird Field,North Platte,LBF,40,0,12377,Nebraska,12377
40.08027778,-75.0125,North Philadelphia,Philadelphia,PNE,0,0,18,Pennsylvania,18
32.69916667,-117.2144444,North Island NAS,San Diego,NZY,683,0,711,California,711
43.41888889,-124.24,North Bend Municipal,North Bend/Coos Bay,OTH,49,0,15945,Oregon,15945
36.2125,-115.1969444,North Air Terminal,Las Vegas,VGT,0,0,4,Nevada,4
36.93722222,-76.29055556,Norfolk NAS,Norfolk,NGU,5464,0,12516,Virginia,12516
36.89583333,-76.20138889,Norfolk International,Norfolk,ORF,6401,0,1843202,Virginia,1843202
64.51138889,-165.4416667,Nome Airport,Nome,OME,701,116,32998,Alaska,32998
63.01805556,-154.3791667,Nikolai Airport,Nikolai,NIB,1,0,7,Alaska,7
43.10722222,-78.94555556,Niagara Falls International,Niagara Falls,IAG,50,0,47470,New York,47470
37.13166667,-76.49333333,Newport News/Williamsburg International,Newport News/Williamsburg,PHF,0,0,47859,Virginia,47859
44.57944444,-124.0577778,Newport Municipal,Newport,ONP,19,0,0,Oregon,0
40.69583333,-74.17166667,Newark Liberty International,Newark,EWR,206023,5798,16438344,New Jersey,16438344
36.23388889,-115.0336111,Nellis AFB,Las Vegas,LSV,254,0,1329,Nevada,1329
36.12666667,-86.68194444,Nashville International,Nashville,BNA,22508,17,8781619,Tennessee,8781619
26.15277778,-81.77527778,Naples Municipal,Naples,APF,0,0,46,Florida,46
38.21222222,-122.28,Napa County,Napa,APC,0,0,79,California,79
41.25666667,-70.05972222,Nantucket Memorial,Nantucket,ACK,35,0,110896,Massachusetts,110896
33.67916667,-78.92972222,Myrtle Beach International,Myrtle Beach,MYR,285,0,1515170,South Carolina,1515170
43.17055556,-86.2375,Muskegon County,Muskegon,MKG,0,0,12,Michigan,12
39.426528996,-101.050837976,Murray Airport,Colby,CBK,0,0,7,Kansas,7
62.08944444,-163.7166667,Mountain Village Airport,Mountain Village,MOU,0,0,16,Alaska,16
43.04361111,-115.8716667,Mountain Home AFB,Mountain Home,MUO,0,0,158,Idaho,158
38.32305556,-88.85861111,Mount Vernon Airport,Mount Vernon,MVN,4,0,0,Illinois,0
40.79916667,-74.41583333,Morristown Municipal,Morristown,MMU,0,0,20,New Jersey,20
39.64277778,-79.91583333,Morgantown Municipal-Walter L. Bill Hart Field,Morgantown,MGW,0,0,9,West Virginia,9
35.2375,-79.38888889,Moore County,Pinehurst/Southern Pines,SOP,0,0,9,North Carolina,9
30.96833333,-83.19305556,Moody AFB,Valdosta,VAD,340,0,456,Georgia,456
38.50055556,-107.8947222,Montrose Regional,Montrose/Delta,MTJ,3,0,216054,Colorado,216054
32.81583333,-117.1394444,Montgomery Field,San Diego,MYF,0,0,3,California,3
36.58805556,-121.8480556,Monterey Peninsula,Monterey,MRY,85,0,221210,California,221210
32.51111111,-92.03888889,Monroe Regional,Monroe,MLU,0,0,77432,Louisiana,77432
39.14,-86.61472222,Monroe County,Bloomington,BMG,16,0,1611,Indiana,1611
40.18666667,-74.125,Monmouth Executive,Belmar/Farmingdale,BLM,0,0,28,New Jersey,28
21.15277778,-157.1,Molokai,Hoolehua,MKK,69,0,0,Hawaii,0
35.06666667,-118.15,Mojave Airport,Mojave,MHV,0,0,208,California,208
37.41527778,-122.0472222,Moffett Field NAS,Mountain View,NUQ,0,0,72,California,72
37.62694444,-120.9552778,Modesto City-County-Harry Sham Field,Modesto,MOD,0,0,9,California,9
30.68833333,-88.24083333,Mobile Regional,Mobile,MOB,1,0,230458,Alabama,230458
30.62638889,-88.06805556,Mobile Aerospace,Mobile,BFM,4580,0,4890,Alabama,4890
46.91555556,-114.0875,Missoula International,Missoula,MSO,363,0,394221,Montana,394221
32.86916667,-117.1436111,Miramar NAS,San Diego,NKX,0,0,546,California,546
48.25944444,-101.2808333,Minot International,Minot,MOT,128,0,124056,North Dakota,124056
48.41555556,-101.3572222,Minot AFB,Minot,MIB,190,0,793,North Dakota,793
44.88611111,-93.21777778,Minneapolis-St Paul International,Minneapolis,MSP,68659,2308,13464954,Minnesota,13464954
39.00027778,-119.7508333,Minden-Tahoe,Minden,MEV,0,0,1,Nevada,1
63.88611111,-152.3019444,Minchumina Airport,Minchumina,MHM,32,0,7,Alaska,7
60.49305556,-145.47,Mile 13 Field,Cordova,CDV,758,3,14343,Alaska,14343
31.94083333,-102.2013889,Midland Regional Air Trml,Midland/Odessa,MAF,494,0,564253,Texas,564253
32.69583333,-83.64916667,Middle Georgia Regional,Macon,MCN,1,0,2268,Georgia,2268
41.70444444,-86.3125,Michiana Regional,South Bend,SBN,3295,0,325171,Indiana,325171
25.7925,-80.28611111,Miami International,Miami,MIA,477123,6479,16611116,Florida,16611116
37.72138889,-122.2208333,Metropolitan Oakland International,Oakland,OAK,195280,3758,3798830,California,3798830
40.27805556,-74.8125,Mercer County,Trenton,TTN,0,0,205030,New Jersey,205030
18.00972222,-66.56138889,Mercedita,Ponce,PSE,0,0,116113,Puerto Rico,116113
35.04972222,-89.97861111,Memphis International,Memphis,MEM,1610324,162,1816619,Tennessee,1816619
28.1025,-80.64305556,Melbourne Regional,Melbourne,MLB,116,0,198860,Florida,198860
42.37361111,-122.8722222,Medford Jackson County,Medford,MFR,584,0,374042,Oregon,374042
35.43,-119.0522222,Meadows Field,Bakersfield,BFL,202,0,140724,California,140724
32.8175,-97.35861111,Meacham Field,Dallas/Fort Worth,FTW,0,0,957,Texas,957
44.91027778,-123.0013889,McNary Field,Salem,SLE,99,0,21614,Oregon,21614
33.17694444,-96.58888889,McKinney National,Dallas,T8X,9,0,19,Texas,19
40.01555556,-74.59388889,McGuire AFB,Fort Dix,WRI,886,0,2128,New Jersey,2128
62.95305556,-155.6058333,McGrath Airport,McGrath,MCG,49,5,15,Alaska,15
35.81222222,-83.9925,McGhee Tyson,Knoxville,TYS,10763,26,1180874,Tennessee,1180874
40.20611111,-100.59,McCook Municipal,McCook,MCK,20,0,0,Nebraska,0
37.62305556,-97.26722222,McConnell AFB,Wichita,IAB,1573,0,0,Kansas,0
38.66777778,-121.3994444,McClellan AFB,Sacramento,MCC,46,0,11,California,11
47.13833333,-122.475,McChord AFB,Tacoma,TCM,604,0,6952,Washington,6952
36.07972222,-115.1588889,McCarran International,Las Vegas,LAS,35472,1186,19600869,Nevada,19600869
26.17694444,-98.23972222,McAllen Miller International,Mission/McAllen/Edinburg,MFE,2905,0,451826,Texas,451826
43.53166667,-84.08166667,MBS International,Saginaw/Bay City/Midland,MBS,1,0,80882,Michigan,80882
32.37916667,-86.3625,Maxwell AFB,Montgomery,MXF,0,0,177,Alabama,177
38.55638889,-121.2955556,Mather AFB,Sacramento,MHR,18782,2272,100,California,100
43.15694444,-93.32944444,Mason City Municipal,Mason City,MCW,0,0,4506,Iowa,4506
39.40166667,-77.985,Martinsburg Municipal,Martinsburg,MRB,0,0,134,West Virginia,134
41.39277778,-70.61666667,Martha's Vineyard Airport,Marthas Vineyard,MVY,20,0,60370,Massachusetts,60370
61.86416667,-162.0261111,Marshall Don Hunter Sr.,Marshall,MLL,0,0,6,Alaska,6
46.35361111,-87.39527778,Marquette County,Marquette,MQT,61,0,34840,Michigan,34840
25.99472222,-81.67277778,Marco Island Airport,Marco Island,MRK,0,0,5,Florida,5
33.88055556,-117.2586111,March AFB,Riverside,RIV,15827,0,20101,California,20101
40.82,-82.51277778,Mansfield Lahm Municipal,Mansfield,MFD,24,0,2,Ohio,2
64.99666667,-150.6430556,Manley Hot Springs Airport,Manley Hot Springs,MLY,0,0,9,Alaska,9
39.14222222,-96.66888889,Manhattan Regional,Manhattan/Ft. Riley,MHK,4,0,62007,Kansas,62007
42.93833333,-71.43888889,Manchester Airport,Manchester,MHT,29772,1356,470606,New Hampshire,470606
37.63111111,-118.8513889,Mammoth Lakes Airport,Mammoth Lakes,MMH,0,0,11,California,11
33.06777778,-96.06527778,Majors,Greenville,GVT,0,0,6,Texas,6
44.12083333,-123.2175,Mahlon Sweet Field,Eugene,EUG,200,0,609462,Oregon,609462
36.98777778,-120.1105556,Madera Municipal,Madera,MAE,1,0,0,California,0
27.84888889,-82.52166667,Macdill AFB,Tampa,MCF,456,0,202,Florida,202
37.32694444,-79.20111111,Lynchburg Regional/Preston Glenn Field,Lynchburg,LYH,1,0,57608,Virginia,57608
39.10277778,-84.42138889,Lunken Field,Cincinnati,LUK,0,0,946,Ohio,946
18.44138889,-66.00222222,Luis Munoz Marin International,San Juan,SJU,56521,1361,4649211,Puerto Rico,4649211
33.66222222,-101.8227778,Lubbock Regional,Lubbock,LBB,8121,242,411634,Texas,411634
35.03638889,-85.20361111,Lovell Field,Chattanooga,CHA,4031,0,404524,Tennessee,404524
29.99111111,-90.25138889,Louis Armstrong New Orleans International,New Orleans,MSY,18081,391,4748772,Louisiana,4748772
33.9425,-118.4080556,Los Angeles International,Los Angeles,LAX,387495,16560,21874207,California,21874207
33.79,-118.0519444,Los Alamitos AAF,Los Alamitos,VZL,0,0,77,California,77
40.79666667,-73.10083333,Long Island MacArthur,Islip,ISP,47,0,511241,New York,511241
33.8175,-118.1511111,Long Beach Daugherty Field,Long Beach,LGB,6456,0,1529111,California,1529111
42.36361111,-71.00611111,Logan International,Boston,BOS,60422,1743,13559018,Massachusetts,13559018
41.7875,-111.855,Logan Cache,Logan,LGU,0,0,310,Utah,310
39.81416667,-82.93222222,Lockbourne AFB,Columbus,LCK,19752,0,116120,Ohio,116120
37.69361111,-121.8202778,Livermore Municipal,Livermore,LVK,0,0,5,California,5
34.91638889,-92.14611111,Little Rock AFB,Jacksonville,LRF,26,0,277,Arkansas,277
40.85083333,-96.75888889,Lincoln Airport,Lincoln,LNK,10,0,97138,Nebraska,97138
21.97916667,-159.3458333,Lihue Airport,Lihue,LIH,8087,133,1348505,Hawaii,1348505
37.04444444,-100.9605556,Liberal Municipal,Liberal,LBL,0,0,5766,Kansas,5766
31.58888889,-110.3430556,Libby AAF/Sierra Vista Municipal,Fort Huachuca,FHU,0,0,169,Arizona,169
46.37472222,-117.0144444,Lewiston Nez Perce County,Lewiston,LWS,15,0,39972,Idaho,39972
41.60805556,-88.09611111,Lewis University,Chicago/Romeoville,LOT,0,0,9,Illinois,9
40.65472222,-75.43833333,Lehigh Valley International,Allentown/Bethlehem/Easton,ABE,43656,0,335528,Pennsylvania,335528
32.68861111,-103.2169444,Lea County Hobbs,Hobbs,HOB,0,0,19002,New Mexico,19002
34.56972222,-98.41611111,Lawton-Fort Sill Regional,Lawton/Fort Sill,LAW,76,0,33111,Oklahoma,33111
42.47083333,-71.29,Laurence G Hanscom Field,Bedford,BED,0,0,11711,Massachusetts,11711
35.16333333,-114.5644444,Laughlin Bullhead International,Bullhead City,IFP,0,0,50125,Arizona,50125
29.35972222,-100.7772222,Laughlin AFB,Del Rio,DLF,0,0,100,Texas,100
40.27638889,-79.40277778,Latrobe Airport,Latrobe,LBE,0,0,59820,Pennsylvania,59820
32.29083333,-106.9216667,Las Cruces Municipal,Las Cruces,LRU,0,0,124,New Mexico,124
27.54472222,-99.46111111,Laredo International,Laredo,LRD,8249,103,126403,Texas,126403
37.08277778,-76.36083333,Langley AFB,Newport News/Hampton,LFI,196,0,1172,Virginia,1172
40.12111111,-76.29972222,Lancaster Airport,Lancaster,LNS,11,0,0,Pennsylvania,0
20.78472222,-156.9494444,Lanai Airport,Lanai,LNY,37,0,11,Hawaii,11
38.99027778,-122.8986111,Lampson,Lakeport,XXP,4,0,0,California,0
38.74722222,-90.36444444,Lambert-St. Louis International,St. Louis,STL,29725,0,5818049,Missouri,5818049
27.98888889,-82.01472222,Lakeland Municipal,Lakeland,LAL,45824,0,4279,Florida,4279
30.03944444,-90.02666667,Lakefront,New Orleans,NEW,0,0,18,Louisiana,18
41.51694444,-81.68333333,Lakefront,Cleveland,BKL,34,0,1316,Ohio,1316
38.89416667,-119.9944444,Lake Tahoe Airport,Lake Tahoe,TVL,0,0,10,California,10
34.56833333,-114.3552778,Lake Havasu City Municipal,Lake Havasu City,HII,59,0,0,Arizona,0
30.13111111,-93.22555556,Lake Charles Regional,Lake Charles,LCH,1,0,67273,Louisiana,67273
40.77944444,-73.87583333,LaGuardia,New York,LGA,2317,1,12090274,New York,12090274
30.20472222,-91.9875,Lafayette Regional,Lafayette,LFT,3395,0,190594,Louisiana,190594
37.15,-107.7511111,La Plata County,Durango,DRO,88,0,186726,Colorado,186726
43.87722222,-91.25638889,La Crosse Municipal,La Crosse,LSE,0,0,30427,Wisconsin,30427
64.87805556,-157.7130556,Koyukuk Airport,Koyukuk,KYU,0,0,19,Alaska,19
57.75,-152.4938889,Kodiak Airport,Kodiak,ADQ,479,6,59817,Alaska,59817
44.05916667,-69.09805556,Knox County Regional,Rockland,RKD,0,0,1,Maine,1
47.485,-122.7633333,Kitsap County,Bremerton,PWT,0,0,2,Washington,2
42.16305556,-121.7358333,Kingsley Field,Klamath Falls,LMT,102,0,0,Oregon,0
35.25666667,-113.94,Kingman Airport,Kingman,IGM,0,0,1,Arizona,1
58.67777778,-156.6516667,King Salmon Airport,King Salmon,AKN,1311,19,19652,Alaska,19652
47.52888889,-122.2994444,King County Airport-Boeing Field,Seattle,BFI,24983,2412,9027,Washington,9027
46.24222222,-84.46611111,Kincheloe AFB,Sault Ste. Marie,CIU,48,0,20420,Michigan,20420
24.57527778,-81.68916667,Key West NAS,Key West,NQX,0,0,277,Florida,277
24.55555556,-81.75972222,Key West International,Key West,EYW,90,0,546533,Florida,546533
32.33722222,-88.74916667,Key Field,Meridian,MEI,14,0,11575,Mississippi,11575
55.35833333,-131.7166667,Ketchikan International,Ketchikan,KTN,954,69,111910,Alaska,111910
42.88111111,-85.52416667,Kent County,Grand Rapids,GRR,13493,0,1554426,Michigan,1554426
42.59583333,-87.92777778,Kenosha Regional,Kenosha,ENW,0,0,8,Wisconsin,8
60.5675,-151.2511111,Kenai Municipal,Kenai,ENA,123,0,11,Alaska,11
29.38,-98.58388889,Kelly AFB,San Antonio,SKF,10,0,244,Texas,244
40.72833333,-98.99888889,Kearney Regional,Kearney,EAR,154,0,1,Nebraska,1
19.73888889,-156.0455556,Keahole,Kona,KOA,17282,532,1508787,Hawaii,1508787
69.67722222,-146.8991667,Kavik River Airport,Kavik River,VIK,2,0,24,Alaska,24
20.96611111,-156.6772222,Kapalua West Maui,Kapalua,JHM,85,0,0,Hawaii,0
39.2975,-94.71388889,Kansas City International,Kansas City,MCI,46970,1815,4433702,Missouri,4433702
39.12333333,-94.59277778,Kansas City Downtown,Kansas City,MKC,121,0,4265,Missouri,4265
64.31888889,-158.7413889,Kaltag Airport,Kaltag,KAL,0,0,20,Alaska,20
42.23638889,-85.55361111,Kalamazoo/Battle Creek International,Kalamazoo,AZO,0,0,70221,Michigan,70221
20.90055556,-156.4336111,Kahului Airport,Kahului,OGG,8752,878,2472227,Hawaii,2472227
58.35555556,-134.5747222,Juneau International,Juneau,JNU,1757,113,270506,Alaska,270506
42.48194444,-114.4866667,Joslin Field - Magic Valley Regional,Twin Falls,TWF,236,0,23985,Idaho,23985
37.14972222,-94.49777778,Joplin Municipal,Joplin,JLN,0,0,12682,Missouri,12682
40.31666667,-78.83444444,Johnstown Cambria County,Johnstown,JST,1,0,12958,Pennsylvania,12958
33.67555556,-117.8672222,John Wayne Airport-Orange County,Santa Ana,SNA,9152,0,3935443,California,3935443
42.76111111,-87.81388889,John H. Batten,Racine,RAC,1,0,9,Wisconsin,9
40.63861111,-73.77694444,John F. Kennedy International,New York,JFK,177688,6194,16197440,New York,16197440
36.1825,-86.88666667,John C Tune,Nashville,TN8,0,0,11,Tennessee,11
43.57888889,-96.74083333,Joe Foss Field,Sioux Falls,FSD,22176,0,514107,South Dakota,514107
29.95083333,-94.02,Jefferson County,Beaumont/Port Arthur,BPT,0,0,25017,Texas,25017
46.93,-98.67833333,Jamestown Regional,Jamestown,JMS,0,0,6745,North Dakota,6745
39.90111111,-84.22,James M Cox/Dayton International,Dayton,DAY,2663,0,461513,Ohio,461513
33.62638889,-116.1608333,Jacqueline Cochran Regional,Thermal,TRM,0,0,32,California,32
30.23416667,-81.67527778,Jacksonville NAS,Jacksonville,NIP,284,0,5911,Florida,5911
30.48472222,-81.68777778,Jacksonville International,Jacksonville,JAX,23696,1319,2810677,Florida,2810677
43.60666667,-110.7369444,Jackson Hole,Jackson,JAC,0,0,432803,Wyoming,432803
30.37638889,-88.49527778,Jackson County,Pascagoula,PGL,0,0,7,Mississippi,7
41.78,-124.2358333,Jack McNamara Field,Crescent City,CEC,24,0,0,California,0
68.48333333,-155.7333333,Ivotuk Airstrip,Ivotuk,A26,5,0,3,Alaska,3
42.49027778,-76.45805556,Ithaca Tompkins Regional,Ithaca/Cortland,ITH,0,0,50375,New York,50375
35.65666667,-117.8291667,Inyokern-Kern County,Inyokern,IYK,71,0,0,California,0
39.72555556,-86.28388889,Indianapolis International,Indianapolis,IND,340724,9,3825249,Indiana,3825249
40.03055556,-86.25138889,Indianapolis Executive,Indianapolis,IN2,0,0,4,Indiana,4
40.63166667,-79.10277778,Indiana County/Jimmy Stewart Field,Indiana,IDI,1,0,0,Pennsylvania,0
65.99333333,-153.7016667,Indian Mountain AFS,Utopia,UTO,48,0,0,Alaska,0
32.83722222,-115.5747222,Imperial County,El Centro,IPL,223,0,12,California,12
38.06805556,-97.86111111,Hutchinson Municipal,Hutchinson,HUT,1,0,0,Kansas,0
65.7025,-156.375,Huslia Airport,Huslia,HSL,13,1,308,Alaska,308
30.42888889,-86.68888889,Hurlburt Field,Mary Esther,RQZ,12,0,340,Florida,340
34.64277778,-86.77555556,Huntsville International-Carl T Jones Field,Huntsville,HSV,9589,1,596230,Alabama,596230
32.01,-81.14583333,Hunter AAF,Savannah,SVN,395,0,6323,Georgia,6323
39.45444444,-87.3075,Hulman Field,Terre Haute,HUF,5,0,119,Indiana,119
66.04055556,-154.2633333,Hughes Airport,Hughes,HUS,0,0,19,Alaska,19
47.16777778,-88.48638889,Houghton County Memorial,Hancock/Houghton,CMX,29,0,19328,Michigan,19328
21.31861111,-157.9225,Honolulu International,Honolulu,HNL,217409,17292,6939137,Hawaii,6939137
59.64527778,-151.4763889,Homer Airport,Homer,HOM,32,0,0,Alaska,0
62.18888889,-159.7716667,Holy Cross Airport,Holy Cross,HCR,0,0,16,Alaska,16
34.2,-118.3577778,Hollywood-Burbank Midpoint,Burbank,BUR,13294,0,2388149,California,2388149
66.18277778,-155.6927778,Hog River Airport,Hog River,JZM,1,0,0,Alaska,0
32.21666667,-80.68333333,Hilton Head Airport,Hilton Head,HHH,0,0,87299,South Carolina,87299
19.72361111,-155.0580556,Hilo International,Hilo,ITO,5985,694,514176,Hawaii,514176
41.12361111,-111.9719444,Hill AFB,Ogden,HIF,1052,0,119,Utah,119
35.74055556,-81.39,Hickory Regional,Hickory,HKY,0,0,138,North Carolina,138
21.31861111,-157.9225,Hickam AFB,Honolulu,HIK,2878,0,2939,Hawaii,2939
28.54416667,-81.33555556,Herndon,Orlando,ORL,0,0,12,Florida,12
35.97277778,-115.1344444,Henderson Sky Harbor,Las Vegas,HSH,0,0,109,Nevada,109
46.60666667,-111.9819444,Helena Regional,Helena,HLN,2,0,76778,Montana,76778
46.91555556,-96.81472222,Hector International,Fargo,FAR,13911,0,407340,North Dakota,407340
40.48194444,-111.4288889,Heber City Municipal - Russ McDonald Field,Heber,UT1,0,0,13,Utah,13
37.65916667,-122.1225,Hayward Air Terminal,Hayward,HWD,0,0,11,California,11
38.84611111,-99.27416667,Hays Municipal,Hays,HYS,0,0,10082,Kansas,10082
31.4675,-89.33666667,Hattiesburg-Laurel Regional,Hattiesburg/Laurel,PIB,0,0,10479,Mississippi,10479
40.19305556,-76.76222222,Harrisburg International,Harrisburg,MDT,20395,0,537325,Pennsylvania,537325
37.514206475,-122.494930728,Half Moon Bay Airport,Half Moon Bay,HAF,0,0,2,California,2
39.70777778,-77.73,Hagerstown Regional-Richard A. Henson Field,Hagerstown,HGR,0,0,31953,Maryland,31953
30.464843071,-87.879457122,H. L. Sonny Callahan,Fairhope,AL6,0,0,8,Alabama,8
33.97777778,-83.96222222,Gwinnett County - Briscoe Field,Lawrenceville,LZU,0,0,10,Georgia,10
58.4275,-135.705,Gustavus Airport,Gustavus,GST,0,0,5617,Alaska,5617
38.53388889,-106.9388889,Gunnison-Crested Butte Regional,Gunnison,GUC,0,0,43910,Colorado,43910
30.40611111,-89.07027778,Gulfport-Biloxi International,Gulfport/Biloxi,GPT,114,0,315114,Mississippi,315114
13.48388889,144.7972222,Guam International,Guam,GUM,4391,1896,375220,U.S. Pacific Trust Territories,375220
43.23388889,-75.4075,Griffiss AFB,Rome,RME,3,0,107,New York,107
34.89888889,-82.21388889,Greenville-Spartanburg,Greer,GSP,12492,19,1039514,South Carolina,1039514
33.48444444,-90.985,Greenville Municipal,Greenville,GLH,1,0,0,Mississippi,0
37.85972222,-80.39861111,Greenbrier Valley,Lewisburg,LWB,0,0,313,West Virginia,313
39.67833333,-75.6075,Greater Wilmington,Wilmington,ILG,0,0,88133,Delaware,88133
40.66138889,-89.68722222,Greater Peoria,Peoria,PIA,3735,3,252721,Illinois,252721
41.07138889,-87.84888889,Greater Kankakee,Kankakee,IKK,0,0,12,Illinois,12
42.20138889,-75.96916667,Greater Binghamton/Edwin A. Link Field,Binghamton,BGM,0,0,19997,New York,19997
47.48555556,-111.3669444,Great Falls International,Great Falls,GTF,6873,0,140138,Montana,140138
62.89527778,-160.0625,Grayling Airport,Grayling,KGX,0,0,8,Alaska,8
47.08333333,-122.5791667,Gray AAF,Tacoma,GRF,0,0,238,Washington,238
47.205,-119.3155556,Grant County International,Moses Lake,MWH,0,0,324,Washington,324
40.96722222,-98.30666667,Grand Island Air Park,Grand Island,GRI,115,0,49350,Nebraska,49350
47.95194444,-97.17861111,Grand Forks International,Grand Forks,GFK,0,0,67620,North Dakota,67620
35.95194444,-112.1475,Grand Canyon National Park,Grand Canyon,GCN,0,0,5,Arizona,5
33.45027778,-88.59138889,Golden Triangle Regional,Columbus,GTR,0,0,34439,Mississippi,34439
31.25888889,-81.46638889,Glynco Jetport,Brunswick,BQK,0,0,30468,Georgia,30468
33.52722222,-112.2952778,Glendale Municipal,Glendale,AZ3,0,0,7,Arizona,7
48.31277778,-114.2511111,Glacier Park International,Kalispell,FCA,393,0,410989,Montana,410989
44.35138889,-105.525,Gillette Campbell County,Gillette,GCC,0,0,22251,Wyoming,22251
32.82611111,-116.9713889,Gillespie Field,San Diego,SEE,0,0,4,California,4
29.98333333,-95.341685378,George Bush Intercontinental Airport,Houston,IAH,138442,4348,16051715,Texas,16051715
42.95027778,-87.89722222,General Mitchell International,Milwaukee,MKE,21881,172,2348836,Wisconsin,2348836
41.31361111,-105.6730556,General Brees Field,Laramie,LAR,0,0,13105,Wyoming,13105
45.01444444,-84.69944444,Gaylord Regional,Gaylord,GLR,2,0,0,Michigan,0
41.61805556,-87.41555556,Gary/Chicago International,Gary,GYY,3407,6,4015,Indiana,4015
39.51805556,-107.7791667,Garfield County Regional,Rifle,RIL,0,0,98,Colorado,98
37.92861111,-100.7297222,Garden City Municipal,Garden City,GCK,109,0,22378,Kansas,22378
62.97555556,-156.5133333,Ganes Creek Airport,Ganes Creek,GEK,1,0,0,Alaska,0
35.51111111,-108.7866667,Gallup Municipal,Gallup,GUP,38,0,2,New Mexico,2
45.78027778,-111.1594444,Gallatin Field,Bozeman,BZN,360,0,1057565,Montana,1057565
64.73638889,-156.9316667,Galena Airport,Galena,GAL,59,74,3118,Alaska,3118
29.68972222,-82.27583333,Gainesville Regional,Gainesville,GNV,18,0,216978,Florida,216978
34.27305556,-83.82916667,Gainesville Municipal,Gainesville,GVL,0,0,5,Georgia,5
33.77916667,-84.52138889,Fulton County Airport-Brown Field,Atlanta,FTY,0,0,7,Georgia,7
64.83694444,-147.6144444,Ft. Wainwright AAF,Fairbanks,FBK,1,0,7,Alaska,7
43.50416667,-114.3083333,Friedman Memorial,Sun Valley/Hailey/Ketchum,SUN,50,0,99398,Idaho,99398
48.52638889,-123.0238889,Friday Harbor Airport,Friday Harbor,FRD,7,0,0,Washington,0
36.77666667,-119.7172222,Fresno Air Terminal,Fresno,FAT,2875,0,817711,California,817711
36.74111111,-108.2291667,Four Corners Regional,Farmington,FMN,68,0,0,New Mexico,0
66.58111111,-145.2083333,Fort Yukon Airport,Fort Yukon,FYU,11,1,1540,Alaska,1540
32.98666667,-97.3175,Fort Worth Alliance,Dallas/Fort Worth,AFW,127907,0,3186,Texas,3186
40.97833333,-85.18805556,Fort Wayne Municipal,Fort Wayne,FWA,6446,0,309508,Indiana,309508
35.33666667,-94.3675,Fort Smith Regional,Fort Smith,FSM,0,0,44733,Arkansas,44733
26.07416667,-80.15166667,Fort Lauderdale-Hollywood International,Fort Lauderdale,FLL,36049,406,12196254,Florida,12196254
26.19694444,-80.17083333,Fort Lauderdale Executive,Fort Lauderdale,FXE,0,0,14,Florida,14
42.5525,-94.18972222,Fort Dodge Regional,Fort Dodge,FOD,0,0,5748,Iowa,5748
40.44888889,-105.0102778,Fort Collins-Loveland Municipal,Fort Collins/Loveland,FNL,0,0,1438,Colorado,1438
37.74138889,-92.14055556,Forney AAF,Fort Leonard Wood,TBN,0,0,39,Missouri,39
45.81555556,-88.11416667,Ford,Iron Mountain/Kingsfd,IMT,48,0,14639,Michigan,14639
38.9525,-95.6625,Forbes AFB,Topeka,FOE,53,0,3636,Kansas,3636
34.18888889,-79.72444444,Florence Regional,Florence,FLO,0,0,17383,South Carolina,17383
35.13777778,-111.6716667,Flagstaff Pulliam,Flagstaff,FLG,75,0,55446,Arizona,55446
34.99138889,-78.88027778,Fayetteville Regional/Grannis Field,Fayetteville,FAY,0,0,122516,North Carolina,122516
43.51611111,-112.0647222,Fanning Field,Idaho Falls,IDA,545,0,221546,Idaho,221546
48.56305556,-93.40416667,Falls International,International Falls,INL,0,0,12336,Minnesota,12336
39.41666667,-118.7,Fallon NAS,Fallon,NFL,0,0,123,Nevada,123
47.615,-117.6569444,Fairchild AFB,Spokane,SKA,45,0,405,Washington,405
64.81444444,-147.8627778,Fairbanks International,Fairbanks,FAI,3197,926,417745,Alaska,417745
38.03666667,-87.5325,Evansville Regional,Evansville,EVV,25,0,137106,Indiana,137106
42.08,-80.17861111,Erie International,Erie,ERI,0,0,33058,Pennsylvania,33058
41.30194444,-95.89333333,Eppley Airfield,Omaha,OMA,17286,931,1939315,Nebraska,1939315
31.32416667,-92.54694444,England AFB,Alexandria,AEX,176,0,156708,Louisiana,156708
62.78611111,-164.4908333,Emmonak Airport,Emmonak,EMK,50,19,0,Alaska,0
42.16083333,-76.89527778,Elmira/Corning Regional,Elmira/Corning,ELM,52,0,63199,New York,63199
61.25361111,-149.7916667,Elmendorf AFB,Anchorage,EDF,6208,0,563,Alaska,563
44.145,-103.1030556,Ellsworth AFB,Rapid City,RCA,139,0,266,South Dakota,266
29.60722222,-95.15861111,Ellington Field,Houston,EFD,0,0,202,Texas,202
40.82388889,-115.7897222,Elko Regional,Elko,EKO,0,0,9815,Nevada,9815
64.61361111,-162.2702778,Elim Airport,Elim,ELI,11,0,0,Alaska,0
31.80666667,-106.3772222,El Paso International,El Paso,ELP,32293,528,1531522,Texas,1531522
32.8275,-115.6688889,El Centro NAF,El Centro,NJK,0,0,195,California,195
64.665,-147.0972222,Eielson AFB,Fairbanks,EIL,510,0,108,Alaska,108
58.20777778,-157.3702778,Egegik Airport,Egegik,EGX,5,0,0,Alaska,0
34.9,-117.8666667,Edwards AFB,Edwards,EDW,69,0,48,California,48
44.86444444,-91.48722222,Eau Claire Municipal,Eau Claire,EAU,0,0,17155,Wisconsin,17155
30.58944444,-96.36444444,Easterwood Field,College Station/Bryan,CLL,2,0,48307,Texas,48307
37.37333333,-118.365,Eastern Sierra Regional,Bishop,BIH,16,0,8297,California,8297
32.38666667,-94.71527778,East Texas Regional,Longview,GGG,0,0,26672,Texas,26672
40.95944444,-72.25166667,East Hampton Airport,East Hampton,HTO,0,0,5,New York,5
40.7425,-73.97138889,East 34th Street Heliport,New York,TSS,0,0,61,New York,61
45.93166667,-89.26888889,Eagle River Union,Eagle River,EGV,0,0,30,Wisconsin,30
39.64361111,-106.9138889,Eagle County Regional,Eagle,EGE,0,0,239220,Colorado,239220
64.77666667,-141.1486111,Eagle Airport,Eagle,EAA,1,0,473,Alaska,473
32.42,-99.85666667,Dyess AFB,Abilene,DYS,108,0,397,Texas,397
46.8425,-92.19027778,Duluth International,Duluth,DLH,226,0,100803,Minnesota,100803
42.41,-90.71083333,Dubuque Regional,Dubuque,DBQ,0,0,4607,Iowa,4607
41.91555556,-88.24666667,Du Page County,Chicago,DPA,8,0,12,Illinois,12
43.74194444,-111.0977778,Driggs-Reed Memorial,Driggs,ID1,0,0,2,Idaho,2
36.00361111,-94.17,Drake Field,Fayetteville,FYV,0,0,48,Arkansas,48
40.70416667,-74.00833333,Downtown Manhattan/Wall Street Heliport,New York,JRB,0,0,2,New York,2
39.12694444,-75.46444444,Dover AFB,Dover,DOV,25778,0,96,Delaware,96
31.32,-85.44833333,Dothan Regional,Dothan,DHN,114,0,28615,Alabama,28615
37.76166667,-99.965,Dodge City Regional,Dodge City,DDC,0,0,5843,Kansas,5843
33.91472222,-84.52166667,Dobbins AFB,Marietta,MGE,0,0,665,Georgia,665
59.04166667,-158.5066667,Dillingham Airport,Dillingham,DLG,211,31,19031,Alaska,19031
46.79666667,-102.7963889,Dickinson Municipal,Dickinson,DIK,65,0,19505,North Dakota,19505
48.11305556,-98.9075,Devils Lake Regional,Devils Lake,DVL,0,0,7025,North Dakota,7025
42.21666667,-83.34444444,Detroit Metro Wayne County,Detroit,DTW,50805,3242,11787777,Michigan,11787777
42.40666667,-83.00833333,Detroit City,Detroit,DET,0,0,7,Michigan,7
41.53388889,-93.65666667,Des Moines International,Des Moines,DSM,10582,0,1165385,Iowa,1165385
33.20055556,-97.19416667,Denton Municipal,Denton,DTO,4,0,0,Texas,0
45.72055556,-87.08666667,Delta County,Escanaba,ESC,41,0,12046,Michigan,12046
40.23972222,-85.39444444,Delaware Co/Johnson Field,Muncie/Anderson/Newcastle,MIE,0,0,294,Indiana,294
29.06694444,-81.28361111,Deland Municipal Sidney H Taylor Field,Deland,FL8,0,0,5,Florida,5
29.37416667,-100.9272222,Del Rio International,Del Rio,DRT,299,0,0,Texas,0
33.875,-84.30222222,Dekalb Peachtree,Atlanta,PDK,0,0,45,Georgia,45
66.08083333,-162.7333333,Deering Airport,Deering,DRG,0,0,7,Alaska,7
39.83416667,-88.86861111,Decatur Airport,Decatur,DEC,0,0,8705,Illinois,8705
70.19472222,-148.4652778,Deadhorse Airport,Deadhorse,SCC,1294,2200,69764,Alaska,69764
29.1825,-81.05277778,Daytona Beach Regional,Daytona Beach,DAB,0,0,255785,Florida,255785
32.16638889,-110.8825,Davis Monthan AFB,Tucson,DMA,139,0,440,Arizona,440
30.06388889,-95.55972222,David Wayne Hooks Memorial,Houston,DWH,0,0,5,Texas,5
35.91888889,-75.69555556,Dare County Regional,Manteo,MEO,24,0,0,North Carolina,0
32.3,-86.39111111,Dannelly Field,Montgomery,MGM,2,0,141893,Alabama,141893
32.89638889,-97.04111111,Dallas/Fort Worth International,Dallas/Fort Worth,DFW,171109,12064,30694774,Texas,30694774
32.84694444,-96.85138889,Dallas Love Field,Dallas,DAL,5387,0,6408662,Texas,6408662
18.33722222,-64.97333333,Cyril E King,Charlotte Amalie,STT,51,0,593195,U.S. Virgin Islands,593195
36.58722222,-115.6733333,Creech AFB,Indian Springs,INS,0,0,77,Nevada,77
35.07361111,-77.0425,Craven County Regional,New Bern/Morehead/Beaufort,EWN,558,0,63500,North Carolina,63500
44.49722222,-123.2869444,Corvallis Municipal,Corvallis,CVO,85,0,0,Oregon,0
27.77,-97.50083333,Corpus Christi International,Corpus Christi,CRP,15,0,274324,Texas,274324
35.38527778,-80.70972222,Concord Regional,Concord,USA,0,0,88317,North Carolina,88317
39.26194444,-85.89638889,Columbus Municipal,Columbus,CLU,2,0,0,Indiana,0
32.51611111,-84.93888889,Columbus Metropolitan,Columbus,CSG,88,0,47872,Georgia,47872
38.81361111,-92.21916667,Columbia Regional,Columbia,COU,2,0,74240,Missouri,74240
33.93638889,-81.11583333,Columbia Metropolitan,Columbia,CAE,14075,0,477629,South Carolina,477629
42.28888889,-73.71027778,Columbia County,Hudson,1B1,0,0,10,New York,10
55.19972222,-162.7197222,Cold Bay Airport,Cold Bay,CDB,11,0,0,Alaska,0
47.775,-116.8177778,Coeur d'Alene - Pappy Boyington Field,Coeur dAlene,COE,0,0,51,Idaho,51
34.01333333,-84.6,Cobb County McCollum Field,Kennesaw,QMA,0,0,5,Georgia,5
65.31111111,-143.1352778,Coal Creek,Yukon Charley Rivvers,A63,0,0,4,Alaska,4
41.41083333,-81.84944444,Cleveland-Hopkins International,Cleveland,CLE,28408,489,3715862,Ohio,3715862
39.04777778,-84.66861111,Cincinnati/Northern Kentucky International,Cincinnati,CVG,512559,111,3345786,Kentucky,3345786
47.38861111,-92.83861111,Chisholm/Hibbing,Hibbing,HIB,0,0,8203,Minnesota,8203
33.97083333,-117.6413889,Chino Airport,Chino,CNO,40,0,1,California,1
35.68777778,-117.6905556,China Lake Naws,China Lake,RQK,52,0,199,California,199
39.79583333,-121.8566667,Chico Municipal,Chico,CIC,45,0,4,California,4
42.19722222,-89.0925,Chicago/Rockford International,Rockford,RFD,162750,4648,99539,Illinois,99539
41.97805556,-87.90611111,Chicago O'Hare International,Chicago,ORD,204815,10662,26113502,Illinois,26113502
41.785,-87.75194444,Chicago Midway International,Chicago,MDW,6296,0,7777220,Illinois,7777220
41.15583333,-104.8122222,Cheyenne Regional/Jerry Olson Field,Cheyenne,CYS,0,0,19870,Wyoming,19870
34.9025,-76.88138889,Cherry Point MCAS,Cherry Point,N1C,470,0,10989,North Carolina,10989
44.74,-85.58583333,Cherry Capital,Traverse City,TVC,13,0,311438,Michigan,311438
30.2125,-93.14333333,Chennault Industrial Airpark,Lake Charles,CWF,0,0,285,Louisiana,285
38.14138889,-78.45305556,Charlottesville Albemarle,Charlottesville,CHO,3,0,252512,Virginia,252512
35.21388889,-80.94305556,Charlotte Douglas International,Charlotte,CLT,56747,3804,21373314,North Carolina,21373314
26.91916667,-81.99138889,Charlotte County,Punta Gorda,PGD,0,0,716150,Florida,716150
32.89916667,-80.03888889,Charleston International,Charleston,CHS,4828,0,2339073,South Carolina,2339073
38.50916667,-122.8116667,Charles M. Schulz - Sonoma County,Santa Rosa,STS,0,0,266629,California,266629
33.26888889,-111.8111111,Chandler Municipal,Chandler,CHD,0,0,42,Arizona,42
66.64805556,-143.7291667,Chalkyitsik Airport,Chalkyitsik,CIK,19,0,23,Alaska,23
44.78222222,-89.65916667,Central Wisconsin,Mosinee,CWA,43,0,71527,Wisconsin,71527
40.48194444,-88.9275,Central Illinois Regional,Bloomington/Normal,BMI,1925,0,121589,Illinois,121589
41.88444444,-91.70611111,Cedar Rapids Municipal,Cedar Rapids/Iowa City,CID,14573,0,567354,Iowa,567354
37.7025,-113.0961111,Cedar City Regional,Cedar City,CDC,62,0,8470,Utah,8470
42.90861111,-106.4625,Casper/Natrona County International,Casper,CPR,4109,0,74178,Wyoming,74178
32.76888889,-97.44111111,Carswell AFB,Fort Worth,FWH,0,0,238,Texas,238
42.77916667,-84.58833333,Capital City,Lansing,LAN,6813,519,91916,Michigan,91916
39.84416667,-89.67888889,Capital,Springfield,SPI,0,0,39348,Illinois,39348
61.78111111,-166.0363889,Cape Romanzof AFS,Cape Romanzof,CZF,23,0,0,Alaska,0
58.64722222,-162.0605556,Cape Newenham AFS,Cape Newenham,EHM,7,0,0,Alaska,0
39.00638889,-74.90888889,Cape May County,Cape May,WWD,0,0,1,New Jersey,1
68.87583333,-166.1069444,Cape Lisburne AFS,Cape Lisburne,LUR,15,0,0,Alaska,0
37.22361111,-89.57166667,Cape Girardeau Regional,Cape Girardeau,CGI,4,0,412,Missouri,412
38.75944444,-109.7461111,Canyonlands Field,Moab,CNY,0,0,349,Utah,349
34.385,-103.3238889,Cannon AFB,Clovis,CVS,66,0,642,New Mexico,642
65.90805556,-161.9383333,Candle 2,Candle,CDL,2,0,3,Alaska,3
36.67277778,-87.49166667,Campbell AAF,Hopkinsville,HOP,782,0,2233,Kentucky,2233
31.214541693,-84.237530375,Camilla-Mitchell County,Camilla,2GA,0,0,3,Georgia,3
39.77833333,-74.94777778,Camden County,Berlin,NJ1,0,0,14,New Jersey,14
34.21388889,-119.0944444,Camarillo Airport,Camarillo,C01,0,0,5,California,5
32.0275,-96.39805556,C David Campbell Field-Corsicana Municipal,Corsicana,CRS,0,0,2,Texas,2
33.36916667,-81.96444444,Bush Field,Augusta,AGS,0,0,227863,Georgia,227863
44.47277778,-73.15305556,Burlington International,Burlington,BTV,1139,0,488273,Vermont,488273
42.94055556,-78.7325,Buffalo Niagara International,Buffalo,BUF,10972,89,1869359,New York,1869359
39.70166667,-104.7516667,Buckley Air National Guard Base,Aurora,BFK,0,0,222,Colorado,222
65.97888889,-161.1266667,Buckland Airport,Buckland,BKC,1,0,0,Alaska,0
37.98888889,-122.0555556,Buchanan Field,Concord,CCR,0,0,8,California,8
31.79472222,-98.95666667,Brownwood Regional,Brownwood,BWD,156,0,0,Texas,0
25.90638889,-97.42555556,Brownsville South Padre Island International,Brownsville,BRO,7,0,144277,Texas,144277
32.57222222,-116.9794444,Brown Field Municipal,San Diego,SDM,2,0,19,California,19
36.53194444,-93.20055556,Branson Airport,Branson,BKG,0,0,2842,Missouri,2842
46.39722222,-94.1375,Brainerd/Crow Wing County,Brainerd,BRD,0,0,12673,Minnesota,12673
41.9375,-72.68305556,Bradley International,Hartford,BDL,54138,1552,2388108,Connecticut,2388108
36.96222222,-86.42222222,Bowling Green-Warren County Regional,Bowling Green,BWG,0,0,329,Kentucky,329
43.56527778,-116.225,Boise Air Terminal,Boise,BOI,17277,923,1815954,Idaho,1815954
26.37083333,-80.10833333,Boca Raton Public,Boca Raton,BCT,0,0,71,Florida,71
38.03972222,-84.60222222,Blue Grass,Lexington,LEX,8,0,571613,Kentucky,571613
46.77888889,-100.7525,Bismarck Municipal,Bismarck/Mandan,BIS,130,12,216850,North Dakota,216850
42.96666667,-83.74166667,Bishop International,Flint,FNT,4680,0,211412,Michigan,211412
33.56305556,-86.75555556,Birmingham Airport,Birmingham,BHM,7238,2,1165537,Alabama,1165537
45.80694444,-108.5427778,Billings Logan International,Billings,BIL,11326,563,341019,Montana,341019
31.84944444,-106.3794444,Biggs AAF,El Paso,BIF,1803,0,13692,Texas,13692
32.21444444,-101.525,Big Spring McMahon-Wrinkle,Big Spring,BGS,1,0,0,Texas,0
38.57138889,-90.15722222,Bi-State Parks,St. Louis,CPS,5,0,3505,Missouri,3505
66.91527778,-151.5263889,Bettles Airport,Bettles,BTT,1,0,4,Alaska,4
60.78444444,-161.8313889,Bethel Airport,Bethel,BET,605,142,60623,Alaska,60623
45.95111111,-112.4938889,Bert Mooney,Butte,BTM,0,0,11546,Montana,11546
39.29555556,-80.22944444,Benedum,Clarksburg/Fairmont,CKB,1,0,25908,West Virginia,25908
44.09444444,-121.2002778,Bend Municipal,Bend,OR4,0,0,4,Oregon,4
47.50972222,-94.93472222,Bemidji Municipal,Bemidji,BJI,109,0,21933,Minnesota,21933
48.79444444,-122.5347222,Bellingham International,Bellingham,BLI,167,0,213549,Washington,213549
34.646035037,-106.829729630,Belen Municipal,Belen,NM1,0,0,1,New Mexico,1
66.36222222,-147.4083333,Beaver Airport,Beaver,WBQ,3,0,14,Alaska,14
32.4775,-80.72305556,Beaufort MCAS,Beaufort,SC1,22,0,0,South Carolina,0
32.41194444,-80.63472222,Beaufort County,Beaufort,BFT,65,0,366,South Carolina,366
39.13611111,-121.4355556,Beale AFB,Marysville,BAB,29,0,0,California,0
30.53166667,-91.15055556,Baton Rouge Metropolitan/Ryan Field,Baton Rouge,BTR,3,0,309941,Louisiana,309941
27.9433611,-81.7834167,Bartow Executive Airport,Bartow,BOW,0,0,9,Florida,9
70.13472222,-143.5783333,Barter Island Dew Station,Barter Island,BTI,1,0,600,Alaska,600
41.66583333,-70.28055556,Barnstable Municipal-Boardman/Polando Field,Hyannis,HYA,0,0,14874,Massachusetts,14874
42.16,-72.71638889,Barnes Municipal,Westfield,BAF,0,0,777,Massachusetts,777
32.50166667,-93.6625,Barksdale AFB,Shreveport,BAD,3,0,359,Louisiana,359
37.06111111,-88.7725,Barkley Regional,Paducah,PAH,0,0,226,Kentucky,226
43.519632450,-89.774145398,Baraboo–Dells Flight Center,Baraboo,WI7,0,0,4,Wisconsin,4
44.80777778,-68.82777778,Bangor International,Bangor,BGR,1134,7,279086,Maine,279086
39.175,-76.67,Baltimore/Washington International,Baltimore,BWI,87924,1764,9857904,Maryland,9857904
70.1375,-147.0305556,Badami,Deadhorse,AA8,36,0,0,Alaska,0
32.40916667,-111.2180556,Avra Valley,Tucson,AVW,0,0,12,Arizona,12
32.4675,-100.4666667,Avenger Field,Sweetwater,SWW,3,0,0,Texas,0
44.48805556,-88.13055556,Austin Straubel International,Green Bay,GRB,51,0,256540,Wisconsin,256540
30.399528793,-97.573368696,Austin Executive Airpark,Llano,T4X,0,0,3,Texas,3
30.19444444,-97.67,Austin - Bergstrom International,Austin,AUS,50448,84,7719476,Texas,7719476
32.61527778,-85.43194444,Auburn-Opelika,Auburn,AUO,0,0,11,Alabama,11
70.4675,-157.4519444,Atqasuk Edward Burnell Sr. Memorial,Atqasuk,ATK,26,0,4,Alaska,4
39.4575,-74.57805556,Atlantic City International,Atlantic City,ACY,6,0,383601,New Jersey,383601
33.35722222,-84.57194444,Atlanta Regional Falcon Field,Peachtree City,QQT,0,0,4,Georgia,4
33.94833333,-83.32694444,Athens Municipal,Athens,AHN,0,0,796,Georgia,796
46.15972222,-123.88,Astoria Regional,Astoria/Seaside,AST,0,0,8,Oregon,8
39.22416667,-106.8688889,Aspen Pitkin County Sardy Field,Aspen,ASE,0,0,281669,Colorado,281669
35.435,-82.54111111,Asheville Regional,Asheville,AVL,0,0,887922,North Carolina,887922
32.84833333,-104.4669444,Artesia Municipal,Artesia,ATS,0,0,9,New Mexico,9
32.66361111,-97.09416667,Arlington Municipal,Arlington,JZT,8,0,0,Texas,0
40.97916667,-124.1075,Arcata,Arcata/Eureka,ACV,157,0,95135,California,95135
39.57277778,-104.8477778,Arapahoe County,Denver,APA,0,0,68,Colorado,68
62.64777778,-160.1888889,Anvik Airport,Anvik,ANV,0,0,5,Alaska,5
33.59027778,-85.85583333,Anniston/Calhoun County,Anniston,ANB,17,0,0,Alabama,0
41.69111111,-93.56638889,Ankeny Regional,Ankeny,IKV,0,0,7,Iowa,7
61.58166667,-159.5430556,Aniak Airport,Aniak,ANI,69,25,0,Alaska,0
38.81083333,-76.86722222,Andrews AFB,Camp Springs,ADW,39,0,3357,Maryland,3357
13.5825,144.9275,Andersen AFB,Guam,UAM,4212,0,6289,U.S. Pacific Trust Territories,6289
61.16916667,-149.9852778,Anchorage International,Anchorage,ANC,1271766,31818,2072348,Alaska,2072348
68.1375,-151.74,Anaktuvuk Pass Airport,Anaktuvuk Pass,AKP,23,0,574,Alaska,574
35.22722222,-101.7219444,Amarillo International,Amarillo,AMA,19,0,296842,Texas,296842
70.34416667,-150.9447222,Alpine Airstrip,Alpine,A20,990,0,0,Alaska,0
32.30972222,-90.07583333,Allen C Thompson Field,Jackson/Vicksburg,JAN,2464,0,458555,Mississippi,458555
66.56166667,-152.6583333,Allakaket Airport,Allakaket,AET,0,0,109,Alaska,109
17.70388889,-64.79888889,Alexander Hamilton,Christiansted,STX,40,0,160964,U.S. Virgin Islands,160964
35.04166667,-106.6063889,Albuquerque International Sunport,Albuquerque,ABQ,17350,400,1978549,New Mexico,1978549
34.83027778,-77.61166667,Albert J Ellis,Jacksonville/Camp Lejeune,OAJ,0,0,106604,North Carolina,106604
42.74583333,-73.80527778,Albany International,Albany,ALB,7836,0,1109224,New York,1109224
40.91388889,-81.44166667,Akron-Canton Regional,Akron,CAK,20,0,291110,Ohio,291110
32.96833333,-96.83611111,Addison,Dallas,ADS,0,0,49,Texas,49
34.72916667,-92.23444444,Adams Field,Little Rock,LIT,4241,0,852785,Arkansas,852785
51.88277778,-176.6447222,Adak NS,Adak Island,ADK,21,3,1661,Alaska,1661
30.03777778,-91.88388889,Acadiana Reg,New Iberia,ARA,5,0,0,Louisiana,0
32.41111111,-99.68166667,Abilene Regional,Abilene,ABI,161,0,69126,Texas,69126
45.44972222,-98.42166667,Aberdeen Regional,Aberdeen,ABR,62,0,16971,South Dakota,16971
,,,Harriman,N8Y,0,0,5,New York,5
,,,Camdan,3NJ,0,0,5,New Jersey,5
,,,Philadelphia,2PA,0,0,11,Pennsylvania,11
